<?xml version="1.0" encoding="UTF-8"?>
<project-private xmlns="http://www.netbeans.org/ns/project-private/1">
    <editor-bookmarks xmlns="http://www.netbeans.org/ns/editor-bookmarks/2" lastBookmarkId="0"/>
    <open-files xmlns="http://www.netbeans.org/ns/projectui-open-files/2">
        <group>
            <file>file:/D:/java/Apple_Employees_list/src/apple_employees_list/Apple_Employees_list.java</file>
            <file>file:/D:/java/Apple_Employees_list/src/Data_Source_codes.java</file>
        </group>
    </open-files>
</project-private>
